# Array shape: (6,)
#
0.110000
0.160000
0.180000
0.170000
0.140000
0.060000
# 2-D slice -> max_value: 0.180000, min_value:0.060000 
