# Array shape: (10,)
#
0.130000
0.110000
0.090000
0.090000
0.100000
0.090000
0.130000
0.110000
0.100000
0.120000
# 2-D slice -> max_value: 0.130000, min_value:0.090000 
