# Array shape: (16,)
#
0.080000
0.100000
0.100000
0.110000
0.100000
0.090000
0.100000
0.110000
0.090000
0.100000
0.100000
0.110000
0.110000
0.110000
0.110000
0.100000
# 2-D slice -> max_value: 0.110000, min_value:0.080000 
