# Array shape: (6,)
#
0.100000
0.100000
-0.070000
0.170000
-0.060000
0.010000
# 2-D slice -> max_value: 0.170000, min_value:-0.070000 
