# Array shape: (10,)
#
0.115150
0.095920
0.139782
0.091984
0.115993
0.106163
0.090222
0.107883
0.093146
0.127679
# 2-D slice -> max_value: 0.139782, min_value:0.090222 
