# Array shape: (16,)
#
0.114032
0.120712
0.088658
0.095371
0.111461
0.097565
0.118315
0.111305
0.105540
0.100529
0.097995
0.105272
0.109069
0.104983
0.107017
0.124972
# 2-D slice -> max_value: 0.124972, min_value:0.088658 
