# Array shape: (6,)
#
0.087983
0.100000
0.104324
0.086800
0.095382
0.093796
# 2-D slice -> max_value: 0.104324, min_value:0.086800 
