# Array shape: (128,)
#
-0.049127
0.092465
0.151360
0.047716
-0.078812
0.039730
0.042705
0.010305
-0.009123
-0.062226
0.026612
-0.105895
0.015525
-0.010445
-0.000011
0.163674
-0.080146
-0.058911
0.216795
-0.074316
0.038954
0.108774
-0.031808
-0.105814
0.092538
-0.187501
-0.008335
0.113941
-0.147665
0.025797
-0.158762
-0.028272
0.058709
-0.009411
0.048386
-0.154585
-0.023467
0.162379
0.094547
-0.054178
-0.031305
0.088027
0.175471
0.052033
-0.081834
-0.162952
-0.032476
0.105699
-0.036024
-0.073413
-0.046102
-0.110769
0.002120
-0.132927
0.009105
-0.202885
-0.156014
-0.099176
-0.030679
-0.121210
0.068036
-0.102897
0.044341
-0.053077
-0.117954
-0.085803
0.022314
0.006805
0.010618
-0.119263
-0.094843
0.073676
-0.029553
-0.097488
-0.102410
-0.141457
-0.111912
0.127415
0.003803
-0.051949
-0.115126
-0.003144
-0.127253
-0.085615
0.051971
0.088068
-0.029495
0.040948
0.114654
0.047407
-0.026484
-0.195448
0.012439
-0.106873
-0.004412
0.068491
-0.088484
-0.045168
-0.123411
-0.102554
-0.105848
-0.108469
0.116028
0.038529
0.023789
0.056689
-0.123626
0.118927
-0.105532
-0.176293
-0.122458
0.013724
-0.139202
0.096158
0.015719
-0.146683
-0.102741
-0.006055
0.078151
0.016691
0.054252
0.029815
0.132178
-0.011822
-0.163886
0.047059
-0.088820
0.060318
# 2-D slice -> max_value: 0.216795, min_value:-0.202885 
