# Array shape: (6,)
#
-0.094043
0.150351
0.089067
-0.066522
-0.083063
-0.029721
# 2-D slice -> max_value: 0.150351, min_value:-0.094043 
