# Array shape: (6,)
#
0.177957
0.149974
0.063478
0.145512
0.132482
0.112645
# 2-D slice -> max_value: 0.177957, min_value:0.063478 
