# Array shape: (10,)
#
0.078041
0.105759
0.080286
0.113328
0.110445
0.095301
0.130836
0.127252
0.112501
0.126367
# 2-D slice -> max_value: 0.130836, min_value:0.078041 
