# Array shape: (16,)
#
0.097570
0.116206
0.115820
0.085951
0.104481
0.107262
0.111198
0.107058
0.109905
0.116860
0.101088
0.073444
0.065057
0.089002
0.112479
0.119329
# 2-D slice -> max_value: 0.119329, min_value:0.065057 
