# Array shape: (6,)
#
-0.139304
-0.010573
-0.006870
-0.092245
0.151330
0.111214
# 2-D slice -> max_value: 0.151330, min_value:-0.139304 
