# Array shape: (64,)
#
0.044828
-0.014265
-0.070926
-0.134647
0.085476
0.108963
0.020244
-0.049576
-0.007905
0.119891
0.013666
0.072032
0.116648
-0.123796
0.101802
0.061682
-0.103469
-0.101929
-0.072536
-0.085696
0.048860
0.065707
0.029619
0.059488
0.138213
-0.073768
-0.060738
-0.032374
-0.012336
0.089649
-0.052340
-0.061071
0.029004
0.086901
-0.092441
0.117184
0.012067
0.002882
-0.138353
-0.006226
-0.025717
-0.216539
0.175759
0.032686
-0.074019
0.062317
-0.192768
-0.012297
0.167182
0.104803
0.168173
-0.127330
0.043048
-0.068308
0.140403
0.084564
-0.037653
0.035311
0.181952
-0.049665
0.135772
-0.010306
0.054377
0.126376
# 2-D slice -> max_value: 0.181952, min_value:-0.216539 
