# Array shape: (10,)
#
0.093372
0.093854
0.092724
0.100690
0.093781
0.094113
0.093981
0.094146
0.099757
0.093796
# 2-D slice -> max_value: 0.100690, min_value:0.092724 
