# Array shape: (16,)
#
0.102945
0.094908
0.098197
0.096243
0.093214
0.096755
0.097879
0.094478
0.096695
0.097030
0.102402
0.100000
0.100900
0.098110
0.096293
0.097640
# 2-D slice -> max_value: 0.102945, min_value:0.093214 
