# Array shape: (6,)
#
0.101802
0.094355
0.093407
0.106574
0.094889
0.106530
# 2-D slice -> max_value: 0.106574, min_value:0.093407 
