# Array shape: (128,)
#
0.034272
-0.025751
0.062606
0.058102
-0.084492
0.159968
-0.142145
0.093460
0.002940
0.032488
0.068039
0.042359
-0.001451
-0.030591
0.098337
-0.162225
0.177002
0.010119
-0.089504
0.084746
0.099785
-0.028035
-0.039567
-0.021457
-0.093097
-0.017706
-0.005064
-0.078378
0.011238
0.169087
0.053487
0.086008
0.019927
-0.001607
0.072839
0.186484
-0.128637
-0.013626
0.022523
0.064977
0.060717
0.100468
0.002716
-0.164944
0.155471
-0.173807
0.119682
0.064632
-0.155010
-0.058805
-0.030710
0.174830
0.086527
0.054030
0.077165
0.109128
-0.033432
-0.026007
-0.165401
-0.014588
0.138804
-0.013163
-0.012982
-0.062388
0.012281
-0.073444
0.058528
0.057200
-0.068150
-0.000364
0.030532
-0.010330
-0.006742
-0.064982
0.067843
-0.142091
0.019375
-0.157491
0.003676
-0.017666
-0.075697
0.004891
-0.030486
-0.070078
-0.077681
-0.089145
0.037641
-0.080674
0.093923
-0.012771
0.031789
-0.039349
0.021662
-0.032674
0.042568
-0.018371
-0.000493
-0.071680
-0.063003
0.114774
0.168422
-0.100562
0.142262
-0.101440
0.110266
-0.048306
0.024264
0.178526
0.065483
-0.019789
-0.167013
0.060289
-0.080051
-0.000375
0.106176
-0.007370
0.064467
0.028647
0.003832
0.033367
-0.056747
-0.080082
-0.029630
-0.053852
0.021515
0.018776
0.026173
0.076877
# 2-D slice -> max_value: 0.186484, min_value:-0.173807 
