# Array shape: (64,)
#
0.100051
0.094448
-0.097590
0.009328
-0.055776
0.082437
0.042025
0.102383
-0.139136
-0.097616
-0.069823
-0.002712
0.030931
0.056259
0.125999
-0.042696
0.125359
-0.069342
-0.113850
0.076869
0.129867
-0.192317
-0.060815
-0.104725
0.011534
-0.090892
-0.098142
-0.049684
0.038525
0.097316
0.045257
0.123123
0.057491
-0.012572
-0.114395
-0.070420
0.056761
0.012003
0.081109
-0.128706
0.165202
0.037827
0.067970
0.025970
-0.068364
-0.026704
-0.039671
-0.036938
-0.084268
0.060792
-0.079274
-0.080373
0.028908
0.081110
0.069698
0.071745
-0.083360
-0.045297
0.108263
0.084751
-0.003630
-0.036750
0.009854
-0.003562
# 2-D slice -> max_value: 0.165202, min_value:-0.192317 
