# Array shape: (6,)
#
0.122200
-0.026805
-0.117423
0.042222
0.048714
-0.110978
# 2-D slice -> max_value: 0.122200, min_value:-0.117423 
