# Array shape: (10,)
#
0.106000
0.149000
0.098000
0.116000
0.092000
0.097000
0.110000
0.127000
0.105000
0.109000
# 2-D slice -> max_value: 0.149000, min_value:0.092000 
