# Array shape: (16,)
#
0.083000
0.121000
0.096000
0.113000
0.107000
0.100000
0.120000
0.098000
0.091000
0.092000
0.095000
0.103000
0.084000
0.113000
0.117000
0.111000
# 2-D slice -> max_value: 0.121000, min_value:0.083000 
