# Array shape: (6,)
#
0.170000
0.185000
0.152000
0.075000
0.168000
0.066000
# 2-D slice -> max_value: 0.185000, min_value:0.066000 
