# Array shape: (6,)
#
0.041000
-0.044000
0.020000
0.012000
-0.013000
-0.088000
# 2-D slice -> max_value: 0.041000, min_value:-0.088000 
