# Array shape: (64,)
#
0.003000
-0.058000
-0.056000
-0.015000
0.116000
-0.038000
0.022000
0.033000
0.166000
0.021000
0.017000
0.102000
0.008000
0.003000
0.063000
0.152000
0.074000
0.189000
0.099000
-0.004000
0.101000
-0.033000
0.043000
0.079000
0.016000
0.122000
-0.066000
-0.060000
0.160000
0.185000
-0.089000
-0.051000
-0.129000
0.096000
0.099000
0.096000
0.032000
0.004000
-0.164000
0.061000
-0.073000
-0.093000
0.048000
-0.198000
0.132000
-0.136000
-0.200000
-0.154000
-0.078000
0.100000
0.171000
-0.015000
-0.053000
-0.026000
-0.055000
-0.009000
0.153000
0.065000
-0.068000
-0.085000
0.078000
0.021000
-0.034000
0.131000
# 2-D slice -> max_value: 0.189000, min_value:-0.200000 
