# Array shape: (6,)
#
0.104605
0.088721
0.091362
0.100000
0.088256
0.088028
# 2-D slice -> max_value: 0.104605, min_value:0.088028 
