# Array shape: (16,)
#
0.094649
0.098596
0.089392
0.090819
0.099704
0.089569
0.090115
0.095199
0.094305
0.096257
0.116836
0.085806
0.104195
0.109200
0.104010
0.095740
# 2-D slice -> max_value: 0.116836, min_value:0.085806 
