# Array shape: (10,)
#
0.104201
0.086329
0.092513
0.088492
0.091853
0.111991
0.091420
0.100000
0.117665
0.110128
# 2-D slice -> max_value: 0.117665, min_value:0.086329 
