# Array shape: (6,)
#
-0.004085
-0.162124
0.105315
0.032737
-0.028465
-0.090086
# 2-D slice -> max_value: 0.105315, min_value:-0.162124 
