# Array shape: (64,)
#
-0.015621
0.009225
0.088697
0.005979
-0.013570
0.048038
-0.086892
0.124335
-0.112211
-0.024438
-0.046769
0.191827
-0.085313
0.163869
-0.039045
0.021959
0.170464
0.088432
-0.035669
0.058090
0.119901
0.020090
0.068352
-0.163413
0.060364
-0.025027
-0.037762
-0.132533
0.125681
0.176761
0.126163
-0.067423
0.172707
0.026329
-0.203603
-0.013478
0.050778
-0.014723
0.010586
0.174937
-0.037635
-0.045099
-0.029917
0.138745
0.132246
0.068437
-0.067189
-0.102523
0.047709
-0.078293
-0.098802
-0.125199
0.008301
0.061556
-0.025650
-0.028073
0.002422
0.060917
-0.009894
0.066834
-0.109454
0.112615
0.036215
-0.078898
# 2-D slice -> max_value: 0.191827, min_value:-0.203603 
