# Array shape: (128,)
#
0.132118
-0.015070
0.161577
0.145055
0.059941
-0.081446
0.114350
-0.156949
-0.217214
-0.054607
0.107422
-0.013385
0.073024
0.020925
-0.001445
-0.069430
-0.022119
-0.005852
-0.001681
0.054001
-0.099902
-0.087873
-0.000240
-0.102427
-0.095601
0.103392
-0.015582
-0.097289
-0.082797
-0.060357
-0.024270
0.000574
-0.103220
0.038168
0.078651
-0.064470
0.169662
-0.089319
-0.074974
-0.109940
0.009043
-0.054060
0.156076
-0.079919
0.113717
-0.030887
0.084220
-0.158703
0.108062
0.110285
-0.092401
-0.125676
0.084523
-0.028982
-0.142630
0.019741
-0.095118
-0.100974
0.150813
-0.067743
-0.060970
-0.069235
-0.134874
-0.056228
-0.010621
-0.021855
-0.069818
0.028882
0.086157
-0.062195
0.108163
-0.091615
0.025470
0.016341
0.072833
0.026172
0.008430
-0.039040
-0.000938
0.104716
-0.023320
-0.036578
-0.039525
-0.154339
-0.021406
0.149324
-0.016714
-0.074485
0.004478
-0.049950
0.013807
0.022711
-0.032635
-0.029467
0.050695
-0.020824
-0.195266
-0.000175
0.047029
-0.025609
-0.212689
-0.028894
-0.041471
-0.008162
0.037495
-0.118292
-0.033357
-0.055629
0.090858
-0.032866
-0.162432
-0.095979
0.095371
0.048773
-0.161174
-0.007081
-0.105991
-0.129938
0.097141
-0.049924
0.021589
-0.044687
0.084995
-0.066991
-0.122528
0.018065
0.125858
-0.103467
# 2-D slice -> max_value: 0.169662, min_value:-0.217214 
